wavelength_nm,absorbance,baseline intensity,sample intensity
337.373260498,0.015664219426,1558.2,1503.0
337.831827048,0.0153753637573,1558.2,1504.0
338.290423593,0.0155832729035,1554.8,1500.0
338.749050143,0.0156920900811,1558.3,1503.0
339.207706708,0.0155982789332,1559.0,1504.0
339.6663933,0.0167489052786,1556.9,1498.0
340.125109928,0.014658848038,1557.7,1506.0
340.583856603,0.0162425077697,1558.2,1501.0
341.042633336,0.0166202942761,1555.4,1497.0
341.501440136,0.0170611777964,1560.1,1500.0
341.960277014,0.0161347851993,1554.7,1498.0
342.41914398,0.0161723324655,1562.1,1505.0
342.878041045,0.017696295131,1560.3,1498.0
343.33696822,0.0155704207927,1558.9,1504.0
343.795925514,0.0162531359904,1557.2,1500.0
344.254912938,0.0178192718102,1559.7,1497.0
344.713930503,0.0171778873054,1562.6,1502.0
345.172978218,0.0162425077697,1558.2,1501.0
345.632056094,0.017300337298,1562.0,1501.0
346.091164143,0.0182367422662,1561.2,1497.0
346.550302373,0.0180141412967,1560.4,1497.0
347.009470795,0.0191940682318,1563.6,1496.0
347.46866942,0.0173168304175,1563.1,1502.0
347.927898259,0.0189470240801,1564.8,1498.0
348.387157321,0.0187559605758,1566.2,1500.0
348.846446617,0.0190704812089,1564.2,1497.0
349.305766157,0.0180545822889,1566.8,1503.0
349.765115952,0.0176987548762,1567.6,1505.0
350.224496013,0.0178533275928,1569.2,1506.0
350.683906348,0.0192573809291,1570.1,1502.0
351.14334697,0.0182920602937,1568.7,1504.0
351.602817888,0.0202771766724,1569.6,1498.0
352.062319113,0.0191494481817,1571.8,1504.0
352.521850655,0.020789021269,1572.5,1499.0
352.981412524,0.0200718494601,1572.0,1501.0
353.441004732,0.0205403872915,1571.6,1499.0
353.900627287,0.0203910392999,1576.3,1504.0
354.360280202,0.0201809978401,1570.3,1499.0
354.819963485,0.0211617972821,1579.1,1504.0
355.279677148,0.0224316794783,1575.3,1496.0
355.739421201,0.0220300604806,1577.0,1499.0
356.199195654,0.0222503188761,1577.8,1499.0
356.659000518,0.0225658278987,1580.0,1500.0
357.118835803,0.0230902961263,1579.8,1498.0
357.578701519,0.0229803203136,1579.4,1498.0
358.038597677,0.0222200454642,1581.9,1503.0
358.498524288,0.0224626473062,1571.2,1492.0
358.958481361,0.0222460940391,1584.1,1505.0
359.418468907,0.0228109821942,1583.0,1502.0
359.878486936,0.0237409373478,1579.0,1495.0
360.33853546,0.0208866835761,1578.1,1504.0
360.798614487,0.0225895859525,1584.3,1504.0
361.25872403,0.0233073433039,1582.7,1500.0
361.718864097,0.0236090795738,1583.8,1500.0
362.1790347,0.023517520783,1589.8,1506.0
362.639235848,0.024090810876,1591.9,1506.0
363.099467553,0.0249332402038,1584.4,1496.0
363.559729824,0.0251912836091,1591.7,1502.0
364.020022673,0.0269394466763,1592.8,1497.0
364.480346108,0.0263527658022,1594.9,1501.0
364.940700142,0.0264072227906,1595.1,1501.0
365.401084783,0.0257306244814,1595.8,1504.0
365.861500044,0.0280106034591,1597.8,1498.0
366.321945933,0.0270970422924,1598.7,1502.0
366.782422461,0.0273047786386,1598.4,1501.0
367.24292964,0.0277838743854,1595.9,1497.0
367.703467478,0.0264989902073,1596.5,1502.0
368.164035987,0.0274229057344,1599.9,1502.0
368.624635177,0.0277213992512,1601.0,1502.0
369.085265058,0.0280648891898,1601.2,1501.0
369.545925641,0.0285170302714,1601.8,1500.0
370.006616937,0.0279925067398,1598.8,1499.0
370.467338954,0.0289964053426,1602.5,1499.0
370.928091705,0.0296813230427,1606.1,1500.0
371.388875199,0.0280737202829,1608.7,1508.0
371.849689446,0.0294189293273,1606.2,1501.0
372.310534458,0.0301601902114,1606.8,1499.0
372.771410244,0.0310442307356,1609.0,1498.0
373.232316815,0.031665279284,1607.0,1494.0
373.693254182,0.0315700321411,1613.1,1500.0
374.154222354,0.0325859709469,1615.8,1499.0
374.615221342,0.0318122713304,1614.0,1500.0
375.076251157,0.0316167283607,1616.5,1503.0
375.537311808,0.0323000951398,1621.2,1505.0
375.998403307,0.0310920972377,1612.4,1501.0
376.459525663,0.0316900426779,1620.0,1506.0
376.920678888,0.031864867483,1618.5,1504.0
377.381862991,0.0325172932501,1617.7,1501.0
377.843077982,0.0324844498919,1616.5,1500.0
378.304323873,0.0333969463581,1619.9,1500.0
378.765600674,0.0341834326467,1625.0,1502.0
379.226908395,0.0349180828327,1624.5,1499.0
379.688247046,0.0351220354052,1629.6,1503.0
380.149616637,0.0360127976085,1628.6,1499.0
380.61101718,0.0373277452118,1627.0,1493.0
381.072448685,0.0362260791263,1629.4,1499.0
381.533911162,0.0369510884633,1634.3,1501.0
381.995404621,0.0362167927839,1634.8,1504.0
382.456929073,0.0379020208319,1635.7,1499.0
382.918484528,0.0388551082332,1638.2,1498.0
383.380070996,0.0383511170234,1636.3,1498.0
383.841688489,0.0373629976324,1641.3,1506.0
384.303337016,0.0385425926516,1640.3,1501.0
384.765016588,0.0397577170558,1643.8,1500.0
385.226727214,0.0399171943871,1645.5,1501.0
385.688468907,0.0409189667332,1649.3,1501.0
386.150241675,0.0404209618471,1651.8,1505.0
386.61204553,0.0426041805568,1651.3,1497.0
387.073880481,0.0422046221278,1659.7,1506.0
387.53574654,0.0431229443469,1659.9,1503.0
387.997643716,0.0446091101551,1653.4,1492.0
388.45957202,0.0445984068042,1658.9,1497.0
388.921531462,0.0443391871967,1671.2,1509.0
389.383522053,0.0463584943041,1671.2,1502.0
389.845543804,0.0477679562749,1674.4,1500.0
390.307596723,0.0475999783539,1677.1,1503.0
390.769680823,0.0483031577607,1678.7,1502.0
391.231796113,0.047669366036,1679.6,1505.0
391.693942603,0.0492645207322,1681.3,1501.0
392.156120305,0.0484066289582,1679.1,1502.0
392.618329228,0.0515641028674,1689.1,1500.0
393.080569383,0.0501133314755,1680.1,1497.0
393.54284078,0.0512232434533,1688.9,1501.0
394.00514343,0.0508319862443,1693.0,1506.0
394.467477343,0.0545879826095,1697.5,1497.0
394.929842529,0.0542212097311,1697.2,1498.0
395.392239,0.0556399076598,1707.3,1502.0
395.854666764,0.057340884919,1714.0,1502.0
396.317125833,0.0586256760875,1714.5,1498.0
396.779616217,0.0585694663206,1720.0,1503.0
397.242137927,0.0604711927977,1724.1,1500.0
397.704690972,0.0611642882665,1723.4,1497.0
398.167275364,0.0633548505506,1737.9,1502.0
398.629891112,0.0629718688724,1732.9,1499.0
399.092538227,0.0625156828783,1735.7,1503.0
399.55521672,0.0636480086089,1735.6,1499.0
400.0179266,0.0656950404792,1743.8,1499.0
400.480667879,0.0642832379026,1739.3,1500.0
400.943440566,0.0646338423818,1729.1,1490.0
401.406244672,0.0632339649236,1743.2,1507.0
401.869080208,0.0651503858499,1745.1,1502.0
402.331947183,0.06462225243,1745.3,1504.0
402.794845608,0.0657969535672,1747.7,1502.0
403.257775494,0.0669053710543,1747.5,1498.0
403.720736851,0.068235351175,1755.2,1500.0
404.18372969,0.0694772997639,1761.4,1501.0
404.64675402,0.0693606185224,1762.1,1502.0
405.109809852,0.0719998446619,1769.3,1499.0
405.572897196,0.0737012697663,1779.8,1502.0
406.036016064,0.0758122566953,1784.9,1499.0
406.499166465,0.0761730496971,1784.0,1497.0
406.96234841,0.0753650528625,1790.2,1505.0
407.425561908,0.0781445993692,1799.3,1503.0
407.888806972,0.076745650521,1795.9,1505.0
408.35208361,0.0788908451796,1794.0,1496.0
408.815391833,0.0787476019957,1801.8,1503.0
409.278731653,0.076590170333,1788.1,1499.0
409.742103078,0.0786749488176,1800.3,1502.0
410.20550612,0.0793532000855,1768.3,1473.0
410.668940788,0.0773182010386,1791.1,1499.0
411.132407094,0.0770826766097,1796.1,1504.0
411.595905048,0.0783112067278,1795.2,1499.0
412.059434659,0.0777049991387,1791.5,1498.0
412.522995939,0.0759028085464,1794.8,1507.0
412.986588898,0.0785538968342,1798.6,1501.0
413.450213546,0.078192870402,1799.5,1503.0
413.913869894,0.0801230811427,1800.3,1497.0
414.377557952,0.0798081076748,1802.6,1500.0
414.84127773,0.0813444307386,1811.4,1502.0
415.305029239,0.082417702474,1818.3,1504.0
415.76881249,0.0848708791763,1828.6,1504.0
416.232627491,0.0883548038976,1837.2,1499.0
416.696474255,0.088844562727,1840.5,1500.0
417.160352792,0.0899332447867,1852.5,1506.0
417.624263111,0.0905966539762,1854.1,1505.0
418.088205223,0.0937729519161,1855.3,1495.0
418.552179139,0.0949910545532,1863.0,1497.0
419.016184869,0.0937378535676,1868.8,1506.0
419.480222423,0.0938266912203,1866.7,1504.0
419.944291812,0.0943779473975,1864.1,1500.0
420.408393046,0.0955877469187,1869.3,1500.0
420.872526136,0.097187502703,1878.7,1502.0
421.336691092,0.0944776332346,1869.5,1504.0
421.800887924,0.0950244639317,1873.1,1505.0
422.265116643,0.0926473502526,1860.4,1503.0
422.729377259,0.0945573639247,1868.6,1503.0
423.193669782,0.0939759322879,1866.1,1503.0
423.657994224,0.0948129474487,1869.7,1503.0
424.122350593,0.0948723725455,1871.2,1504.0
424.586738902,0.0973267357158,1876.8,1500.0
425.051159159,0.0963432979807,1876.3,1503.0
425.515611376,0.0987311502115,1887.9,1504.0
425.980095563,0.101495036729,1894.9,1500.0
426.444611731,0.102059605377,1896.1,1499.0
426.909159889,0.103473549645,1893.4,1492.0
427.373740048,0.106082807356,1916.3,1501.0
427.838352218,0.106815685875,1915.7,1498.0
428.302996411,0.111515439917,1944.3,1504.0
428.767672635,0.113765262405,1950.5,1501.0
429.232380903,0.114633680817,1951.8,1499.0
429.697121223,0.117878071889,1962.5,1496.0
430.161893607,0.120073212369,1976.4,1499.0
430.626698065,0.121262783018,1968.6,1489.0
431.091534607,0.121964850456,1989.0,1502.0
431.556403244,0.123061228559,1992.7,1501.0
432.021303985,0.124199807721,1996.6,1500.0
432.486236842,0.123936138062,2004.7,1507.0
432.951201825,0.124591161974,1998.4,1500.0
433.416198945,0.123969021967,1998.2,1502.0
433.88122821,0.126590939987,2010.3,1502.0
434.346289633,0.127653627494,2011.2,1499.0
434.811383223,0.125547540427,1998.8,1497.0
435.276508991,0.127506229482,2013.2,1501.0
435.741666948,0.128574112089,2007.4,1493.0
436.206857102,0.128925796535,2017.1,1499.0
436.672079466,0.129445782622,2027.6,1505.0
437.137334049,0.131028836572,2032.3,1503.0
437.602620862,0.135698074591,2040.6,1493.0
438.067939915,0.135070199439,2051.3,1503.0
438.533291219,0.13603621293,2054.5,1502.0
438.998674784,0.140972157435,2076.6,1501.0
439.46409062,0.143642558758,2090.8,1502.0
439.929538738,0.14474021439,2093.3,1500.0
440.395019147,0.147799949201,2108.1,1500.0
440.86053186,0.149932159295,2121.3,1502.0
441.326076885,0.151654266523,2135.4,1506.0
441.791654234,0.15317352362,2131.5,1498.0
442.257263916,0.155836534888,2153.2,1504.0
442.722905943,0.160439136548,2171.8,1501.0
443.188580324,0.157319189687,2162.0,1505.0
443.65428707,0.159840850761,2171.7,1503.0
444.120026191,0.164040041945,2192.8,1503.0
444.585797698,0.163212312263,2182.8,1499.0
445.051601601,0.164898387378,2198.6,1504.0
445.517437911,0.164969903159,2197.5,1503.0
445.983306637,0.165363050697,2195.1,1500.0
446.449207791,0.164799610003,2198.1,1504.0
446.915141382,0.164127327389,2194.7,1504.0
447.381107422,0.167053681174,2206.6,1502.0
447.84710592,0.17370741563,2234.7,1498.0
448.313136887,0.174037853425,2215.5,1484.0
448.779200333,0.173846438092,2238.4,1500.0
449.245296268,0.177186434519,2263.2,1505.0
449.711424704,0.17711034648,2261.3,1504.0
450.17758565,0.181460182029,2287.1,1506.0
450.643779117,0.186119666688,2308.7,1504.0
451.110005116,0.188132781448,2314.8,1501.0
451.576263655,0.190891716922,2328.0,1500.0
452.042554747,0.19485321709,2346.2,1498.0
452.508878402,0.197931791301,2369.2,1502.0
452.975234629,0.19677540963,2362.9,1502.0
453.441623439,0.200519781699,2378.6,1499.0
453.908044843,0.195757725203,2355.8,1501.0
454.374498851,0.198133383848,2370.3,1502.0
454.840985473,0.198043805469,2377.7,1507.0
455.30750472,0.197354083242,2362.9,1500.0
455.774056602,0.198813814729,2383.5,1508.0
456.24064113,0.19727137885,2365.6,1502.0
456.707258314,0.197629691621,2364.4,1500.0
457.173908164,0.196801061855,2353.6,1496.0
457.640590691,0.193157959857,2343.3,1502.0
458.107305905,0.193006116705,2345.6,1504.0
458.574053816,0.196646732506,2362.2,1502.0
459.040834436,0.19332141668,2339.5,1499.0
459.507647774,0.193257940229,2345.4,1503.0
459.97449384,0.193477087541,2341.9,1500.0
460.441372646,0.192776234769,2342.8,1503.0
460.908284201,0.194564223308,2350.9,1502.0
461.375228516,0.195829755919,2360.9,1504.0
461.842205602,0.201265821662,2381.1,1498.0
462.309215468,0.200866552962,2380.5,1499.0
462.776258125,0.202711868624,2401.8,1506.0
463.243333584,0.207591550977,2424.1,1503.0
463.710441855,0.210116271842,2443.1,1506.0
464.177582948,0.220013515148,2479.5,1494.0
464.644756873,0.221733230403,2506.0,1504.0
465.111963642,0.227713522141,2532.3,1499.0
465.579203264,0.230721516096,2549.9,1499.0
466.04647575,0.233912549953,2580.7,1506.0
466.51378111,0.237816608839,2591.9,1499.0
466.981119355,0.239276178013,2609.3,1504.0
467.448490495,0.239964308468,2611.7,1503.0
467.915894541,0.2381399387,2592.1,1498.0
468.383331502,0.235092020615,2586.0,1505.0
468.850801389,0.237190666227,2596.8,1504.0
469.318304213,0.239625563521,2611.4,1504.0
469.785839984,0.237644257639,2592.6,1500.0
470.253408713,0.237706549211,2582.6,1494.0
470.721010409,0.240632438491,2610.5,1500.0
471.188645084,0.236554055227,2586.1,1500.0
471.656312747,0.238099441106,2605.7,1506.0
472.124013409,0.231531781798,2570.0,1508.0
472.591747081,0.2319082228,2563.7,1503.0
473.059513772,0.235233655665,2592.0,1508.0
473.527313494,0.235764046663,2581.4,1500.0
473.995146256,0.236755529456,2587.3,1500.0
474.463012069,0.235165425586,2583.0,1503.0
474.930910943,0.237112292975,2587.7,1499.0
475.398842889,0.240070401008,2610.6,1502.0
475.866807918,0.243962325666,2634.1,1502.0
476.334806039,0.248137679666,2668.4,1507.0
476.802837262,0.250777700603,2672.2,1500.0
477.2709016,0.254838572196,2700.9,1502.0
477.73899906,0.254599552811,2708.4,1507.0
478.207129655,0.260328339758,2738.9,1504.0
478.675293395,0.265749015398,2773.3,1504.0
479.14349029,0.271756725371,2813.8,1505.0
479.611720349,0.274262281679,2828.2,1504.0
480.079983585,0.277124376163,2846.9,1504.0
480.548280006,0.287837451302,2918.0,1504.0
481.016609625,0.293543991075,2944.8,1498.0
481.48497245,0.299243340928,2983.7,1498.0
481.953368492,0.291825091839,2941.0,1502.0
482.421797762,0.292864765645,2955.9,1506.0
482.89026027,0.294025094095,2952.0,1500.0
483.358756026,0.29661836385,2967.7,1499.0
483.827285042,0.302038810245,3017.0,1505.0
484.295847326,0.295977378528,2965.3,1500.0
484.764442891,0.2944047406,2966.4,1506.0
485.233071745,0.293995140747,2957.7,1503.0
485.7017339,0.300798310152,2998.4,1500.0
486.170429365,0.298616961376,2997.3,1507.0
486.639158152,0.301826003435,3003.5,1499.0
487.107920271,0.304939477289,3035.2,1504.0
487.576715731,0.307312379499,3049.8,1503.0
488.045544544,0.305403242365,3014.2,1492.0
488.51440672,0.301607131273,3012.0,1504.0
488.983302269,0.306532104768,3042.3,1502.0
489.452231202,0.310197501905,3064.0,1500.0
489.921193528,0.31600395763,3101.1,1498.0
490.390189259,0.315289064033,3108.4,1504.0
490.859218405,0.321709211481,3148.4,1501.0
491.328280976,0.325732201731,3177.7,1501.0
491.797376983,0.328031684842,3181.8,1495.0
492.266506435,0.332290893562,3236.8,1506.0
492.735669344,0.33550731281,3252.2,1502.0
493.20486572,0.341974696426,3294.4,1499.0
493.674095573,0.343405322048,3318.5,1505.0
494.143358913,0.349538902812,3365.7,1505.0
494.612655751,0.350451784706,3368.3,1503.0
495.081986098,0.359258457474,3437.3,1503.0
495.551349963,0.368278216683,3507.1,1502.0
496.020747358,0.373213049731,3521.2,1491.0
496.490178292,0.371830041415,3535.9,1502.0
496.959642776,0.376430951178,3568.8,1500.0
497.42914082,0.382462818529,3616.3,1499.0
497.898672435,0.385762018012,3653.6,1503.0
498.368237631,0.388287715141,3679.8,1505.0
498.837836419,0.393309165788,3712.7,1501.0
499.307468809,0.394688671385,3739.4,1507.0
499.77713481,0.396827531871,3742.9,1501.0
500.246834435,0.395389760158,3735.5,1503.0
500.716567693,0.401395951168,3785.0,1502.0
501.186334594,0.402987928926,3798.9,1502.0
501.656135149,0.403772172154,3808.3,1503.0
502.125969368,0.401680229381,3790.0,1503.0
502.595837262,0.403897596871,3809.4,1503.0
503.065738841,0.406636615314,3828.4,1501.0
503.535674115,0.40947118538,3843.2,1497.0
504.005643095,0.40385948202,3811.6,1504.0
504.475645792,0.408959969529,3851.5,1502.0
504.945682215,0.410985472761,3859.2,1498.0
505.415752375,0.411433627635,3873.5,1502.0
505.885856282,0.414638700368,3891.8,1498.0
506.355993948,0.413747502477,3891.6,1501.0
506.826165381,0.423759076019,3979.7,1500.0
507.296370594,0.421062178657,3957.7,1501.0
507.766609595,0.422782213333,3978.7,1503.0
508.236882396,0.424321869675,4000.8,1506.0
508.707189006,0.432939335399,4059.3,1498.0
509.177529437,0.435177747075,4083.0,1499.0
509.647903698,0.426391118739,4011.9,1503.0
510.1183118,0.432958606992,4064.9,1500.0
510.588753753,0.435636279388,4106.4,1506.0
511.059229569,0.446569017262,4199.9,1502.0
511.529739256,0.449105381779,4224.5,1502.0
512.000282826,0.444038534509,4161.6,1497.0
512.470860289,0.449757740028,4222.4,1499.0
512.941471656,0.447942142845,4213.2,1502.0
513.412116936,0.451536543497,4256.7,1505.0
513.88279614,0.452681381883,4265.1,1504.0
514.353509279,0.453685194481,4263.6,1500.0
514.824256362,0.457003340404,4296.3,1500.0
515.295037401,0.456939898102,4301.4,1502.0
515.765852406,0.457973873052,4297.3,1497.0
516.236701387,0.453387520167,4269.2,1503.0
516.707584354,0.461559668369,4347.4,1502.0
517.178501319,0.458770820766,4328.2,1505.0
517.64945229,0.45912405479,4334.6,1506.0
518.120437279,0.457704727686,4288.9,1495.0
518.591456297,0.463264565161,4364.5,1502.0
519.062509353,0.458439041752,4313.4,1501.0
519.533596457,0.46328446593,4364.7,1502.0
520.004717621,0.463553037095,4367.4,1502.0
520.475872855,0.461749864031,4352.2,1503.0
520.947062169,0.461938807258,4348.3,1501.0
521.418285573,0.466643101318,4389.8,1499.0
521.889543078,0.469361101174,4426.2,1502.0
522.360834694,0.469404974706,4423.7,1501.0
522.832160432,0.473042979321,4472.8,1505.0
523.303520302,0.475156358853,4476.7,1499.0
523.774914314,0.480737318979,4546.7,1503.0
524.246342479,0.480290250075,4539.0,1502.0
524.717804808,0.480498456769,4544.2,1503.0
525.18930131,0.486565720496,4592.8,1498.0
525.660831996,0.492349256527,4666.8,1502.0
526.132396876,0.497452023579,4725.1,1503.0
526.603995961,0.497336524654,4698.7,1495.0
527.075629262,0.504278192516,4777.6,1496.0
527.547296788,0.503418400787,4780.9,1500.0
528.01899855,0.507382119342,4837.6,1504.0
528.490734558,0.503846007253,4788.8,1501.0
528.962504823,0.518119473338,4952.1,1502.0
529.434309356,0.516683958193,4925.9,1499.0
529.906148165,0.514698246586,4906.7,1500.0
530.378021263,0.519117691861,4966.8,1503.0
530.84992866,0.51860178439,4944.4,1498.0
531.321870364,0.520939071851,4974.4,1499.0
531.793846389,0.522727962679,4991.6,1498.0
532.265856742,0.518443838674,4955.8,1502.0
532.737901436,0.521153770354,4983.5,1501.0
533.20998048,0.51301396158,4904.0,1505.0
533.682093884,0.513942190994,4894.9,1499.0
534.15424166,0.516525231274,4924.1,1499.0
534.626423817,0.517267958289,4942.4,1502.0
535.098640366,0.513618409204,4878.2,1495.0
535.570891318,0.51432353617,4899.2,1499.0
536.043176682,0.516250218091,4917.7,1498.0
536.515496469,0.51258563552,4889.4,1502.0
536.98785069,0.515612830346,4923.6,1502.0
537.460239355,0.515534566924,4939.1,1507.0
537.932662473,0.514146125313,4907.0,1502.0
538.405120057,0.516270882729,4924.5,1500.0
538.877612116,0.513242351431,4913.1,1507.0
539.35013866,0.525031868706,5034.9,1503.0
539.8226997,0.520353728016,4967.7,1499.0
540.295295246,0.524599183734,5016.5,1499.0
540.767925309,0.522078976465,5027.4,1511.0
541.240589898,0.527965657621,5072.4,1504.0
541.713289026,0.524258659644,5022.6,1502.0
542.186022701,0.527956250831,5058.8,1500.0
542.658790934,0.519746800347,4974.0,1503.0
543.131593736,0.512802427544,4872.3,1496.0
543.604431117,0.533619558419,5125.2,1500.0
544.077303088,0.544440137318,5254.5,1500.0
544.550209658,0.548427476322,5306.5,1501.0
545.023150838,0.546583787902,5280.5,1500.0
545.496126639,0.548485362828,5296.6,1498.0
545.969137071,0.547759152466,5305.4,1503.0
546.442182145,0.556438928775,5412.5,1503.0
546.91526187,0.560017122148,5424.6,1494.0
547.388376257,0.553957374979,5374.5,1501.0
547.861525317,0.556679078699,5422.7,1505.0
548.33470906,0.55718275743,5432.6,1506.0
548.807927496,0.557146704575,5406.9,1499.0
549.281180636,0.562467573327,5469.9,1498.0
549.75446849,0.561085527988,5478.0,1505.0
550.227791069,0.556734849715,5427.0,1506.0
550.701148383,0.553662846251,5363.7,1499.0
551.174540442,0.557575986841,5430.3,1504.0
551.647967256,0.559848434957,5447.9,1501.0
552.121428837,0.556640830468,5393.4,1497.0
552.594925194,0.554446297194,5369.8,1498.0
553.068456339,0.552731218096,5377.2,1506.0
553.54202228,0.549504779427,5337.4,1506.0
554.015623029,0.553660053829,5374.4,1502.0
554.489258597,0.551608422322,5374.0,1509.0
554.962928992,0.548771076691,5310.7,1501.0
555.436634227,0.546217816761,5265.5,1497.0
555.910374311,0.556077702347,5408.0,1503.0
556.384149255,0.553823295079,5380.0,1503.0
556.857959068,0.555199279533,5386.3,1500.0
557.331803763,0.55293667149,5372.6,1504.0
557.805683348,0.553476577159,5361.4,1499.0
558.279597834,0.551995092761,5357.4,1503.0
558.753547232,0.555434779236,5400.0,1503.0
559.227531552,0.556535359989,5410.1,1502.0
559.701550804,0.565057167981,5476.9,1491.0
560.175605,0.561698325916,5474.8,1502.0
560.649694148,0.56708913228,5535.8,1500.0
561.12381826,0.566285445588,5540.3,1504.0
561.597977347,0.574767487642,5638.3,1501.0
562.072171417,0.57517553255,5643.6,1501.0
562.546400483,0.580636109895,5711.2,1500.0
563.020664553,0.586494223123,5784.9,1499.0
563.494963639,0.5823192975,5737.2,1501.0
563.969297751,0.57905348524,5705.6,1504.0
564.4436669,0.591242505434,5860.2,1502.0
564.918071095,0.601116109277,5975.0,1497.0
565.392510348,0.599591400537,5894.4,1482.0
565.866984668,0.602940401174,6024.2,1503.0
566.341494066,0.601265704083,6009.0,1505.0
566.816038553,0.606177922317,6061.2,1501.0
567.290618138,0.609243306548,6120.4,1505.0
567.765232832,0.616496127853,6215.2,1503.0
568.239882646,0.608323997096,6103.4,1504.0
568.71456759,0.608886469864,6123.5,1507.0
569.189287674,0.612621623618,6155.9,1502.0
569.664042909,0.613818620751,6177.0,1503.0
570.138833305,0.61171201164,6151.2,1504.0
570.613658872,0.610267263005,6143.0,1507.0
571.088519622,0.615297594293,6185.7,1500.0
571.563415564,0.616633307894,6221.3,1504.0
572.038346708,0.611922623252,6146.0,1502.0
572.513313066,0.617772983227,6233.5,1503.0
572.988314647,0.616123412663,6214.0,1504.0
573.463351462,0.611337653312,6145.9,1504.0
573.938423521,0.614998197137,6193.8,1503.0
574.413530835,0.617761961127,6220.9,1500.0
574.888673414,0.610909715252,6127.6,1501.0
575.363851269,0.616477966191,6198.4,1499.0
575.839064409,0.617685160958,6219.8,1500.0
576.314312845,0.612636028563,6168.4,1505.0
576.789596589,0.612861167709,6179.8,1507.0
577.264915649,0.614731668433,6190.0,1503.0
577.740270037,0.616769664105,6173.6,1492.0
578.215659762,0.612557672716,6142.7,1499.0
578.691084836,0.617193189473,6216.9,1501.0
579.166545269,0.615880781669,6206.4,1503.0
579.64204107,0.613856624979,6161.1,1499.0
580.117572251,0.621702380545,6277.6,1500.0
580.593138822,0.619363829618,6231.4,1497.0
581.068740793,0.620008014432,6274.0,1505.0
581.544378174,0.625512876409,6328.7,1499.0
582.020050977,0.626973402092,6371.2,1504.0
582.495759211,0.630658352693,6408.4,1500.0
582.971502886,0.635380660054,6487.1,1502.0
583.447282014,0.632326864739,6458.8,1506.0
583.923096605,0.642415217712,6606.2,1505.0
584.398946668,0.640652658371,6570.7,1503.0
584.874832215,0.647761019936,6665.8,1500.0
585.350753256,0.650243265856,6690.6,1497.0
585.8267098,0.651217381497,6732.5,1503.0
586.30270186,0.654118760498,6764.1,1500.0
586.778729444,0.651787522843,6754.8,1506.0
587.254792564,0.655247315058,6781.7,1500.0
587.730891229,0.659743092653,6847.7,1499.0
588.20702545,0.657171749796,6820.9,1502.0
588.683195238,0.660734056272,6872.5,1501.0
589.159400603,0.665620411554,6941.0,1499.0
589.635641555,0.663304347219,6917.9,1502.0
590.111918105,0.665718892096,6961.1,1503.0
590.588230263,0.666051926242,6947.9,1499.0
591.06457804,0.66801495756,6998.0,1503.0
591.540961445,0.663449173386,6915.6,1501.0
592.01738049,0.663366715953,6923.5,1503.0
592.493835184,0.665550409734,6958.4,1503.0
592.970325539,0.665335926292,6927.2,1497.0
593.446851564,0.664540507956,6933.0,1501.0
593.92341327,0.669566464345,6962.3,1490.0
594.400010667,0.662995359434,6949.8,1510.0
594.876643766,0.662280805668,6915.4,1505.0
595.353312576,0.664797262763,6937.1,1501.0
595.83001711,0.667521438376,6976.1,1500.0
596.306757376,0.658422077049,6877.0,1510.0
596.783533385,0.657471620292,6834.7,1504.0
597.260345148,0.660987936635,6881.1,1502.0
597.737192675,0.659249067229,6817.1,1494.0
598.214075976,0.662927853085,6898.1,1499.0
598.690995063,0.661153072712,6888.3,1503.0
599.167949944,0.666635430722,6952.6,1498.0
599.644940631,0.660067288596,6871.1,1503.0
600.121967134,0.666089429003,6948.5,1499.0
600.599029464,0.661345939608,6909.7,1507.0
601.07612763,0.659571874536,6858.7,1502.0
601.553261643,0.668825370091,6941.1,1488.0
602.030431514,0.662430632114,6899.4,1501.0
602.507637253,0.66598922298,6960.8,1502.0
602.984878871,0.667937698219,6992.1,1502.0
603.462156377,0.669202550666,7026.5,1505.0
603.939469782,0.665327369425,6950.2,1502.0
604.416819097,0.670275468437,7039.2,1504.0
604.894204332,0.675910171328,7116.9,1501.0
605.371625497,0.67489708619,7128.7,1507.0
605.849082603,0.678251298537,7136.3,1497.0
606.32657566,0.680848988885,7193.5,1500.0
606.804104679,0.682259428541,7216.9,1500.0
607.281669669,0.688769727107,7325.9,1500.0
607.759270642,0.687447128395,7323.1,1504.0
608.236907607,0.691910995775,7384.0,1501.0
608.714580576,0.695694700898,7463.5,1504.0
609.192289558,0.691626685972,7389.0,1503.0
609.670034564,0.699212656006,7519.2,1503.0
610.147815605,0.703563804204,7574.7,1499.0
610.62563269,0.711505748146,7704.2,1497.0
611.10348583,0.708454894458,7665.6,1500.0
611.581375035,0.702377788081,7574.2,1503.0
612.059300317,0.708442401514,7675.6,1502.0
612.537261685,0.712827092537,7738.0,1499.0
613.015259149,0.70350532402,7614.1,1507.0
613.493292721,0.711658519673,7737.8,1503.0
613.971362409,0.710346961192,7719.6,1504.0
614.449468226,0.708663739219,7674.4,1501.0
614.927610181,0.710072865389,7709.6,1503.0
615.405788285,0.709108524333,7692.5,1503.0
615.884002548,0.708182865335,7660.8,1500.0
616.36225298,0.712699174912,7725.4,1497.0
616.840539592,0.715836608699,7812.6,1503.0
617.318862394,0.711034277131,7690.7,1496.0
617.797221397,0.681512045192,7218.9,1503.0
618.27561661,0.684250738349,7254.9,1501.0
618.754048046,0.705158762452,7633.0,1505.0
619.232515713,0.710628620488,7709.2,1501.0
619.711019622,0.705821618847,7634.5,1503.0
620.189559783,0.706826569954,7586.0,1490.0
620.668136208,0.70512542607,7617.2,1502.0
621.146748906,0.70481155225,7626.9,1505.0
621.625397888,0.713199190695,7718.8,1494.0
622.104083164,0.70309614313,7561.5,1498.0
622.582804745,0.705847764295,7624.8,1501.0
623.06156264,0.703061987129,7571.0,1500.0
623.540356861,0.709371736819,7681.8,1500.0
624.019187418,0.703297103707,7585.2,1502.0
624.498054321,0.705136029661,7597.1,1498.0
624.97695758,0.70616754882,7635.5,1502.0
625.455897206,0.706246288421,7631.8,1501.0
625.93487321,0.702035652291,7563.2,1502.0
626.413885601,0.706495885649,7631.1,1500.0
626.892934391,0.709333333215,7676.0,1499.0
627.372019589,0.708317408019,7678.5,1503.0
627.851141206,0.709000293085,7695.7,1504.0
628.330299252,0.71444465586,7787.6,1503.0
628.809493738,0.710048687801,7714.3,1504.0
629.288724674,0.711570728138,7710.5,1498.0
629.76799207,0.713836365011,7776.7,1503.0
630.247295937,0.710989012175,7715.6,1501.0
630.726636286,0.713619328292,7757.3,1500.0
631.206013126,0.716768991961,7834.6,1504.0
631.685426468,0.715543112598,7828.1,1507.0
632.164876323,0.71562431,7788.0,1499.0
632.644362701,0.72221971594,7901.9,1498.0
633.123885612,0.717351542592,7839.9,1503.0
633.603445066,0.720756060174,7901.6,1503.0
634.083041075,0.722102336246,7952.5,1508.0
634.562673648,0.715802987359,7801.6,1501.0
635.042342796,0.72309898582,7923.2,1499.0
635.522048529,0.720313281242,7898.8,1504.0
636.001790857,0.717173463616,7841.9,1504.0
636.481569792,0.723498649916,7983.4,1509.0
636.961385343,0.7168377233,7815.0,1500.0
637.441237521,0.722808379632,7917.9,1499.0
637.921126336,0.717969913205,7835.4,1500.0
638.401051799,0.721384115553,7918.3,1504.0
638.881013919,0.71627572094,7815.3,1502.0
639.361012708,0.719776617771,7883.8,1503.0
639.841048176,0.72108996715,7918.2,1505.0
640.321120333,0.716314618043,7816.0,1502.0
640.80122919,0.715175697877,7811.1,1505.0
641.281374756,0.719407632252,7850.9,1498.0
641.761557043,0.715500939906,7775.4,1497.0
642.241776061,0.713657622312,7773.5,1503.0
642.722031819,0.710964244068,7720.3,1502.0
643.20232433,0.713756675472,7770.1,1502.0
643.682653602,0.718600613071,7815.4,1494.0
644.163019647,0.711194822508,7724.4,1502.0
644.643422474,0.705075775061,7621.4,1503.0
645.123862094,0.71072791476,7716.1,1502.0
645.604338518,0.707756980383,7673.7,1504.0
646.084851756,0.702301923286,7562.8,1501.0
646.565401818,0.706104978151,7634.4,1502.0
647.045988715,0.703546263427,7584.5,1501.0
647.526612457,0.700123509614,7540.0,1504.0
648.007273054,0.700277580999,7517.6,1499.0
648.487970518,0.700368141322,7529.2,1501.0
648.968704857,0.697679363655,7492.7,1503.0
649.449476083,0.698051998628,7514.1,1506.0
649.930284207,0.695737588607,7469.2,1505.0
650.411129238,0.693980562468,7434.1,1504.0
650.892011186,0.69833018728,7528.9,1508.0
651.372930063,0.699635856087,7506.5,1499.0
651.853885879,0.696646795803,7494.8,1507.0
652.334878643,0.695721626565,7459.0,1503.0
652.815908367,0.697460057234,7493.9,1504.0
653.296975061,0.695654541175,7438.0,1499.0
653.778078735,0.702142635923,7570.1,1503.0
654.2592194,0.700908111944,7523.5,1498.0
654.740397066,0.697707502653,7488.2,1502.0
655.221611743,0.700163826859,7540.7,1504.0
655.702863442,0.701033986563,7550.8,1503.0
656.184152173,0.703648121268,7550.9,1494.0
656.665477947,0.702079972199,7553.9,1500.0
657.146840773,0.709398787144,7687.4,1501.0
657.628240664,0.707337043642,7635.7,1498.0
658.109677628,0.70155707024,7559.9,1503.0
658.591151676,0.711138595151,7723.4,1502.0
659.072662818,0.706487394305,7651.3,1504.0
659.554211066,0.708434444009,7695.9,1506.0
660.035796429,0.713937017376,7737.1,1495.0
660.517418918,0.709337814188,7681.2,1500.0
660.999078542,0.711605061825,7731.7,1502.0
661.480775314,0.709089568665,7702.4,1505.0
661.962509242,0.706268570646,7662.7,1507.0
662.444280338,0.71604234303,7795.5,1499.0
662.926088611,0.711011526729,7716.0,1501.0
663.407934073,0.716108629161,7838.3,1507.0
663.889816733,0.713257015087,7771.5,1504.0
664.371736602,0.712703600199,7735.8,1499.0
664.85369369,0.713413459215,7774.3,1504.0
665.335688008,0.711787617197,7750.4,1505.0
665.817719567,0.712491652243,7747.5,1502.0
666.299788375,0.712974548144,7730.3,1497.0
666.781894445,0.714478115032,7788.2,1503.0
667.264037785,0.710610544848,7683.2,1496.0
667.746218408,0.713448679215,7780.1,1505.0
668.228436322,0.707218290848,7648.9,1501.0
668.710691539,0.705417591009,7647.7,1507.0
669.192984069,0.712266758453,7753.8,1504.0
669.675313922,0.709536079708,7705.2,1504.0
670.157681109,0.702105635258,7589.6,1507.0
670.64008564,0.71131914735,7736.9,1504.0
671.122527525,0.705332125395,7625.9,1503.0
671.605006775,0.701396188509,7557.1,1503.0
672.087523401,0.702178539113,7580.8,1505.0
672.570077412,0.701721542231,7552.7,1501.0
673.052668819,0.699640747398,7516.6,1501.0
673.535297632,0.698414862317,7505.4,1503.0
674.017963862,0.69708445526,7492.4,1505.0
674.50066752,0.696708578669,7451.1,1498.0
674.983408615,0.696367435038,7470.1,1503.0
675.466187158,0.696370388486,7445.3,1498.0
675.949003159,0.694114905942,7436.4,1504.0
676.431856629,0.695383794706,7453.2,1503.0
676.914747578,0.687271129096,7325.0,1505.0
677.397676017,0.690815233033,7370.3,1502.0
677.880641956,0.690987661365,7358.5,1499.0
678.363645406,0.688493286838,7331.0,1502.0
678.846686376,0.691730670246,7371.1,1499.0
679.329764877,0.691144456677,7380.8,1503.0
679.81288092,0.695881462225,7412.1,1493.0
680.296034514,0.689040796602,7320.7,1498.0
680.779225671,0.693532062731,7396.8,1498.0
681.262454401,0.684837020105,7288.9,1506.0
681.745720714,0.69333617522,7398.4,1499.0
682.22902462,0.692029830183,7381.1,1500.0
682.712366131,0.690957136119,7367.8,1501.0
683.195745255,0.691393906645,7370.3,1500.0
683.679162005,0.691502371406,7391.8,1504.0
684.162616389,0.691945120803,7389.5,1502.0
684.646108419,0.686835068362,7298.2,1501.0
685.129638105,0.691812580829,7402.0,1505.0
685.613205457,0.690260985085,7360.9,1502.0
686.096810486,0.692707618431,7387.7,1499.0
686.580453202,0.686769605654,7297.1,1501.0
687.064133615,0.694099295701,7421.3,1501.0
687.547851736,0.689895029779,7354.7,1502.0
688.031607576,0.688610694884,7328.1,1501.0
688.515401144,0.683909389534,7249.2,1501.0
688.999232451,0.688907774752,7338.0,1502.0
689.483101508,0.685831155416,7286.2,1502.0
689.967008324,0.682410412897,7253.1,1507.0
690.450952911,0.686985465387,7291.0,1499.0
690.934935279,0.688201578797,7321.2,1501.0
691.418955437,0.685553275839,7257.3,1497.0
691.903013397,0.679460451833,7204.0,1507.0
692.387109168,0.686102513951,7285.9,1501.0
692.871242762,0.686776934919,7287.5,1499.0
693.355414189,0.682061343833,7208.8,1499.0
693.839623458,0.68347189905,7261.2,1505.0
694.323870581,0.68686631738,7289.0,1499.0
694.808155568,0.678644109768,7185.7,1506.0
695.292478428,0.673980053776,7075.9,1499.0
695.776839174,0.673019066668,7079.1,1503.0
696.261237814,0.677928138365,7169.1,1505.0
696.74567436,0.677428564553,7156.1,1504.0
697.230148822,0.679483581289,7175.7,1501.0
697.714661209,0.678696069459,7162.7,1501.0
698.199211533,0.675540055714,7106.1,1500.0
698.683799805,0.673173126191,7076.9,1502.0
699.168426033,0.673165569386,7086.2,1504.0
699.653090229,0.677559442844,7129.7,1498.0
700.137792404,0.67355214222,7059.5,1497.0
700.622532567,0.666331366483,6980.2,1505.0
701.107310729,0.672412543975,7041.0,1497.0
701.5921269,0.669891602986,7009.6,1499.0
702.076981091,0.662348247685,6888.9,1499.0
702.561873312,0.668975634225,6971.5,1494.0
703.046803573,0.66099307067,6876.6,1501.0
703.531771885,0.662455810066,6899.8,1501.0
704.016778259,0.664484126821,6932.1,1501.0
704.501822704,0.662525041906,6900.9,1501.0
704.986905232,0.659889519251,6836.3,1496.0
705.472025852,0.659364666639,6846.3,1500.0
705.957184575,0.652434858797,6751.4,1503.0
706.442381411,0.658421361805,6836.0,1501.0
706.92761637,0.656279437774,6806.9,1502.0
707.412889464,0.654322692143,6776.3,1502.0
707.898200702,0.651879521058,6733.8,1501.0
708.383550096,0.652652021498,6736.8,1499.0
708.868937654,0.653238163486,6772.9,1505.0
709.354363388,0.651292222267,6724.7,1501.0
709.839827308,0.651505290547,6728.0,1501.0
710.325329424,0.653700247201,6771.1,1503.0
710.810869748,0.652814219891,6757.3,1503.0
711.296448288,0.646960770826,6662.4,1502.0
711.782065056,0.652852060663,6744.4,1500.0
712.267720062,0.649451693528,6691.8,1500.0
712.753413317,0.651354064563,6739.1,1504.0
713.23914483,0.642820937023,6594.8,1501.0
713.724914612,0.65081898782,6695.0,1496.0
714.210722674,0.647818931467,6657.8,1498.0
714.696569026,0.647193821724,6657.1,1500.0
715.182453679,0.648363261944,6679.5,1501.0
715.668376642,0.651985156892,6748.9,1504.0
716.154337926,0.650076566496,6692.5,1498.0
716.640337542,0.65141174954,6690.7,1493.0
717.1263755,0.648762141535,6699.0,1504.0
717.61245181,0.652674235388,6773.1,1507.0
718.098566483,0.65194401098,6734.8,1501.0
718.584719529,0.653398687216,6766.4,1503.0
719.070910959,0.649955491443,6708.5,1502.0
719.557140782,0.654048685281,6758.5,1499.0
720.04340901,0.650758866108,6671.7,1491.0
720.529715653,0.656596087189,6816.4,1503.0
721.01606072,0.644201177253,6620.2,1502.0
721.502444224,0.649419242565,6691.3,1500.0
721.988866173,0.648580580295,6696.2,1504.0
722.475326578,0.646745604093,6659.1,1502.0
722.96182545,0.648632825352,6688.1,1502.0
723.448362799,0.647272100015,6658.3,1500.0
723.934938636,0.644642066041,6618.1,1500.0
724.421552971,0.648356759994,6679.4,1501.0
724.908205813,0.649413012571,6668.9,1495.0
725.394897175,0.648545030551,6691.2,1503.0
725.881627065,0.648710740848,6689.3,1502.0
726.368395495,0.643176403538,6600.2,1501.0
726.855202475,0.642541831937,6573.0,1497.0
727.342048015,0.647346548454,6677.2,1504.0
727.828932126,0.642163616594,6593.6,1503.0
728.315854818,0.643110598353,6599.2,1501.0
728.802816101,0.641236075704,6566.4,1500.0
729.289815986,0.644275522078,6603.7,1498.0
729.776854483,0.636482568355,6520.9,1506.0
730.263931603,0.635330810633,6473.4,1499.0
730.751047356,0.638072788937,6514.4,1499.0
731.238201752,0.638877673496,6543.9,1503.0
731.725394802,0.629457013752,6412.0,1505.0
732.212626517,0.635091612135,6487.1,1503.0
732.699896906,0.637293027562,6489.7,1496.0
733.187205979,0.636802092774,6512.7,1503.0
733.674553749,0.634660194993,6459.1,1498.0
734.161940224,0.628549100178,6373.1,1499.0
734.649365415,0.627183057215,6365.8,1502.0
735.136829333,0.633986951895,6453.4,1499.0
735.624331987,0.632205823521,6422.7,1498.0
736.111873389,0.629436784135,6390.4,1500.0
736.599453549,0.626029858451,6361.6,1505.0
737.087072477,0.626069594862,6349.5,1502.0
737.574730183,0.625886630967,6342.6,1501.0
738.062426679,0.622092713198,6300.0,1504.0
738.550161974,0.624826582614,6289.2,1492.0
739.037936078,0.617992502571,6249.1,1506.0
739.525749003,0.618728237911,6230.6,1499.0
740.013600758,0.615100963377,6182.9,1500.0
740.501491354,0.620302742462,6228.2,1493.0
740.989420801,0.615856865414,6197.8,1501.0
741.47738911,0.620121503203,6267.3,1503.0
741.965396291,0.61479045731,6182.6,1501.0
742.453442355,0.611310368131,6149.6,1505.0
742.941527311,0.609570254007,6112.8,1502.0
743.429651171,0.613192697378,6164.0,1502.0
743.917813944,0.608876050772,6107.1,1503.0
744.406015642,0.610203630632,6142.1,1507.0
744.894256274,0.602434470061,6033.2,1507.0
745.38253585,0.605680842621,6058.3,1502.0
745.870854382,0.606351324533,6071.7,1503.0
746.35921188,0.602435716122,6013.2,1502.0
746.847608354,0.603138588717,6006.9,1498.0
747.336043814,0.599925290933,5966.6,1499.0
747.824518271,0.604735413747,6057.2,1505.0
748.313031735,0.599533750131,5965.2,1500.0
748.801584217,0.597786079623,5925.4,1496.0
749.290175727,0.60141109101,6019.0,1507.0
749.778806275,0.597840902771,5961.8,1505.0
750.267475872,0.593488925255,5910.2,1507.0
750.756184528,0.602811116143,6018.4,1502.0
751.244932254,0.598647795393,5933.2,1495.0
751.73371906,0.591116432585,5866.3,1504.0
752.222544956,0.59560041863,5919.3,1502.0
752.711409953,0.594256792308,5885.3,1498.0
753.200314062,0.602168914411,5981.5,1495.0
753.689257291,0.593252158093,5891.3,1503.0
754.178239653,0.595164607457,5917.3,1503.0
754.667261157,0.5890901822,5815.7,1498.0
755.156321814,0.591286820745,5864.7,1503.0
755.645421634,0.592181930414,5876.8,1503.0
756.134560627,0.594180012229,5903.9,1503.0
756.623738805,0.590767947647,5853.8,1502.0
757.112956177,0.595757323824,5889.9,1494.0
757.602212753,0.592842683131,5874.0,1500.0
758.091508545,0.595865696994,5903.2,1497.0
758.580843562,0.587266795786,5795.2,1499.0
759.070217815,0.588521604695,5823.6,1502.0
759.559631314,0.58685072481,5805.1,1503.0
760.04908407,0.584121845602,5764.9,1502.0
760.538576094,0.582929930173,5749.1,1502.0
761.028107394,0.583014036105,5734.9,1498.0
761.517677983,0.579531585991,5685.3,1497.0
762.00728787,0.579996314766,5718.0,1504.0
762.496937065,0.575967410223,5665.2,1504.0
762.98662558,0.579075848849,5702.1,1503.0
763.476353424,0.580721622729,5700.9,1497.0
763.966120608,0.575678190227,5653.9,1502.0
764.455927142,0.576554171305,5654.0,1499.0
764.945773037,0.574381364064,5584.5,1488.0
765.435658302,0.570051100099,5577.4,1501.0
765.92558295,0.572485134261,5593.8,1497.0
766.415546989,0.56568593065,5525.3,1502.0
766.90555043,0.561627812799,5481.2,1504.0
767.395593284,0.566183528891,5539.0,1504.0
767.885675561,0.562868728138,5471.3,1497.0
768.375797272,0.561522747078,5465.3,1500.0
768.865958426,0.555004859307,5380.3,1499.0
769.356159034,0.55957296857,5451.7,1503.0
769.846399107,0.557032778536,5416.3,1502.0
770.336678655,0.555085571187,5381.3,1499.0
770.826997689,0.553101655926,5353.2,1498.0
771.317356218,0.548823889091,5325.5,1505.0
771.807754253,0.550815171496,5332.2,1500.0
772.298191805,0.55026097489,5325.4,1500.0
772.788668884,0.547737024915,5301.6,1502.0
773.2791855,0.545723763023,5256.0,1496.0
773.769741664,0.543217433553,5253.7,1504.0
774.260337387,0.546911321205,5256.3,1492.0
774.750972677,0.537155607566,5167.1,1500.0
775.241647547,0.542438605837,5240.8,1503.0
775.732362006,0.541086102291,5210.6,1499.0
776.223116065,0.534865659602,5136.5,1499.0
776.713909734,0.533180391621,5140.5,1506.0
777.204743023,0.529836680443,5094.3,1504.0
777.695615943,0.527420499751,5059.3,1502.0
778.186528505,0.532065703884,5110.3,1501.0
778.677480718,0.52649909706,5055.3,1504.0
779.168472594,0.526411605558,5044.2,1501.0
779.659504142,0.525967361449,5042.4,1502.0
780.150575372,0.521917724266,4995.6,1502.0
780.641686297,0.528239461186,5062.1,1500.0
781.132836924,0.520572232173,4970.2,1499.0
781.624027266,0.520078462782,4977.8,1503.0
782.115257333,0.520366169346,4957.9,1496.0
782.606527134,0.518469922802,4933.0,1495.0
783.09783668,0.514305405265,4908.8,1502.0
783.589185982,0.515619960132,4890.9,1492.0
784.08057505,0.51360590841,4900.9,1502.0
784.572003895,0.511990393774,4869.7,1498.0
785.063472526,0.51292816688,4890.0,1501.0
785.554980955,0.509474923471,4864.2,1505.0
786.046529191,0.507383600653,4834.4,1503.0
786.538117246,0.508677627987,4845.6,1502.0
787.029745129,0.506919736652,4819.6,1500.0
787.52141285,0.507523054848,4826.3,1500.0
788.013120421,0.508538696542,4837.6,1500.0
788.504867851,0.506624233925,4809.9,1498.0
788.996655152,0.50502329062,4798.6,1500.0
789.488482332,0.503418400787,4780.9,1500.0
789.980349404,0.508226414802,4830.9,1499.0
790.472256377,0.503505936468,4772.3,1497.0
790.964203261,0.499483902197,4744.1,1502.0
791.456190067,0.495717743211,4709.4,1504.0
791.948216806,0.496876236001,4715.7,1502.0
792.440283487,0.497872866039,4710.8,1497.0
792.932390122,0.497233824285,4713.3,1500.0
793.42453672,0.496625038393,4731.8,1508.0
793.916723292,0.490604015642,4638.8,1499.0
794.408949849,0.493587332909,4636.5,1488.0
794.9012164,0.486207164861,4598.2,1501.0
795.393522956,0.487443755131,4623.6,1505.0
795.885869528,0.489426652744,4635.5,1502.0
796.378256126,0.483608159232,4579.9,1504.0
796.87068276,0.483628018129,4586.2,1506.0
797.36314944,0.481901123373,4568.0,1506.0
797.855656178,0.485095441525,4589.5,1502.0
798.348202984,0.481840642204,4552.2,1501.0
798.840789867,0.48307025809,4549.9,1496.0
799.333416838,0.478689436492,4522.3,1502.0
799.826083909,0.475649856173,4478.8,1498.0
800.318791088,0.476531751778,4490.9,1499.0
800.811538387,0.478465147264,4498.9,1495.0
801.304325815,0.475120565463,4461.4,1494.0
801.797153384,0.469738416952,4415.3,1497.0
802.290021104,0.471256520027,4442.6,1501.0
802.782928985,0.467765105496,4412.9,1503.0
803.275877037,0.463989295557,4374.7,1503.0
803.768865271,0.465777042471,4386.9,1501.0
804.261893697,0.464207643718,4376.9,1503.0
804.754962326,0.463971530352,4368.7,1501.0
805.248071167,0.458287988054,4311.9,1501.0
805.741220233,0.459599808889,4316.3,1498.0
806.234409532,0.456446743884,4305.1,1505.0
806.727639075,0.454348112102,4281.5,1504.0
807.220908873,0.452874480037,4244.3,1496.0
807.714218936,0.452004440717,4244.3,1499.0
808.207569274,0.450982531848,4231.5,1498.0
808.700959898,0.448085813113,4217.4,1503.0
809.194390818,0.440614532523,4156.5,1507.0
809.687862045,0.448416886717,4215.0,1501.0
810.181373589,0.440361877927,4140.3,1502.0
810.67492546,0.440267462662,4139.4,1502.0
811.168517669,0.43769990688,4115.0,1502.0
811.662150227,0.439632848261,4125.1,1499.0
812.155823142,0.438274010143,4117.7,1501.0
812.649536427,0.435369157538,4095.7,1503.0
813.143290091,0.435976199088,4098.7,1502.0
813.637084145,0.429464115178,4037.7,1502.0
814.130918598,0.42994407811,4031.4,1498.0
814.624793463,0.429421089099,4037.3,1502.0
815.118708748,0.425108430238,3984.1,1497.0
815.612664465,0.423436649223,3984.7,1503.0
816.106660623,0.422451450964,3959.8,1497.0
816.600697234,0.422338097135,3966.7,1500.0
817.094774307,0.417726271807,3924.8,1500.0
817.588891853,0.421424791216,3926.7,1488.0
818.083049882,0.416484170836,3916.2,1501.0
818.577248405,0.415295949898,3905.5,1501.0
819.071487432,0.412714435161,3892.7,1505.0
819.565766973,0.413574509758,3905.6,1507.0
820.060087039,0.410046364068,3874.0,1507.0
820.554447641,0.412367450236,3871.5,1498.0
821.048848788,0.408780693104,3857.6,1505.0
821.543290491,0.4122849002,3881.1,1502.0
822.037772761,0.405737574476,3838.3,1508.0
822.532295608,0.411969460711,3875.7,1501.0
823.026859042,0.408054321969,3835.8,1499.0
823.521463073,0.410785649366,3870.3,1503.0
824.016107713,0.411648824156,3878.0,1503.0
